table_schema;table_name;ordinal_position;column_name;data_type
insee_raw;cc_caracteristiques_emploi_2022;1;codgeo;text
insee_raw;cc_caracteristiques_emploi_2022;2;actifs_occupes_15_plus_2022;double precision
insee_raw;cc_caracteristiques_emploi_2022;3;salaries_15_plus_2022;double precision
insee_raw;cc_caracteristiques_emploi_2022;4;non_salaries_15_plus_2022;double precision
insee_raw;cc_caracteristiques_emploi_2022;5;actifs_occupes_temps_partiel_15_plus_2022;double precision
insee_raw;cc_caracteristiques_emploi_2022;6;salaries_temps_partiel_15_plus_2022;double precision
insee_raw;cc_caracteristiques_emploi_2022;7;non_salaries_temps_partiel_15_plus_2022;double precision
insee_raw;cc_caracteristiques_emploi_2022;8;salaries_cdi_2022;double precision
insee_raw;cc_caracteristiques_emploi_2022;9;salaries_cdd_2022;double precision
insee_raw;cc_caracteristiques_emploi_2022;10;salaries_interim_2022;double precision
insee_raw;cc_caracteristiques_emploi_2022;11;salaries_emplois_aides_2022;double precision
insee_raw;cc_caracteristiques_emploi_2022;12;salaries_apprentis_2022;double precision
insee_raw;cc_caracteristiques_emploi_2022;13;non_salaries_independants_2022;double precision
insee_raw;cc_caracteristiques_emploi_2022;14;non_salaries_employeurs_2022;double precision
insee_raw;cc_caracteristiques_emploi_2022;15;non_salaries_aides_familiaux_2022;double precision
insee_raw;cc_caracteristiques_emploi_2022;16;salaries_hommes_temps_partiel_2022;double precision
insee_raw;cc_caracteristiques_emploi_2022;17;salaries_femmes_temps_partiel_2022;double precision
insee_raw;cc_caracteristiques_emploi_2022;18;actifs_occupes_travaillant_commune_residence_2022;double precision
insee_raw;cc_caracteristiques_emploi_2022;19;actifs_occupes_travaillant_hors_commune_residence_2022;double precision
insee_raw;cc_caracteristiques_emploi_2022;20;actifs_occupes_travaillant_autre_commune_meme_departement_2022;double precision
insee_raw;cc_caracteristiques_emploi_2022;21;actifs_occupes_travaillant_autre_departement_meme_region_2022;double precision
insee_raw;cc_caracteristiques_emploi_2022;22;actifs_occupes_travaillant_autre_region_2022;double precision
insee_raw;cc_caracteristiques_emploi_2022;23;actifs_occupes_travaillant_hors_france_metropolitaine_2022;double precision
insee_raw;cc_caracteristiques_emploi_2022;24;transport_pas_de_deplacement_2022;double precision
insee_raw;cc_caracteristiques_emploi_2022;25;transport_marche_2022;double precision
insee_raw;cc_caracteristiques_emploi_2022;26;transport_velo_2022;double precision
insee_raw;cc_caracteristiques_emploi_2022;27;transport_deux_roues_motorise_2022;double precision
insee_raw;cc_caracteristiques_emploi_2022;28;transport_voiture_2022;double precision
insee_raw;cc_caracteristiques_emploi_2022;29;transport_commun_2022;double precision
insee_raw;cc_caracteristiques_emploi_2022;30;actifs_occupes_15_plus_2016;double precision
insee_raw;cc_caracteristiques_emploi_2022;31;salaries_15_plus_2016;double precision
insee_raw;cc_caracteristiques_emploi_2022;32;non_salaries_15_plus_2016;double precision
insee_raw;cc_caracteristiques_emploi_2022;33;actifs_occupes_temps_partiel_15_plus_2016;double precision
insee_raw;cc_caracteristiques_emploi_2022;34;salaries_temps_partiel_15_plus_2016;double precision
insee_raw;cc_caracteristiques_emploi_2022;35;non_salaries_temps_partiel_15_plus_2016;double precision
insee_raw;cc_caracteristiques_emploi_2022;36;salaries_cdi_2016;double precision
insee_raw;cc_caracteristiques_emploi_2022;37;salaries_cdd_2016;double precision
insee_raw;cc_caracteristiques_emploi_2022;38;salaries_interim_2016;double precision
insee_raw;cc_caracteristiques_emploi_2022;39;salaries_emplois_aides_2016;double precision
insee_raw;cc_caracteristiques_emploi_2022;40;salaries_apprentis_2016;double precision
insee_raw;cc_caracteristiques_emploi_2022;41;non_salaries_independants_2016;double precision
insee_raw;cc_caracteristiques_emploi_2022;42;non_salaries_employeurs_2016;double precision
insee_raw;cc_caracteristiques_emploi_2022;43;non_salaries_aides_familiaux_2016;double precision
insee_raw;cc_caracteristiques_emploi_2022;44;actifs_occupes_travaillant_commune_residence_2016;double precision
insee_raw;cc_caracteristiques_emploi_2022;45;actifs_occupes_travaillant_hors_commune_residence_2016;double precision
insee_raw;cc_caracteristiques_emploi_2022;46;transport_pas_de_deplacement_2016;double precision
insee_raw;cc_caracteristiques_emploi_2022;47;transport_marche_2016;double precision
insee_raw;cc_caracteristiques_emploi_2022;48;transport_deux_roues_2016;double precision
insee_raw;cc_caracteristiques_emploi_2022;49;transport_voiture_2016;double precision
insee_raw;cc_caracteristiques_emploi_2022;50;transport_commun_2016;double precision
insee_raw;cc_diplome_2022;1;codgeo;text
insee_raw;cc_diplome_2022;2;population_2_5_2022;double precision
insee_raw;cc_diplome_2022;3;population_6_10_2022;double precision
insee_raw;cc_diplome_2022;4;population_11_14_2022;double precision
insee_raw;cc_diplome_2022;5;population_15_17_2022;double precision
insee_raw;cc_diplome_2022;6;population_18_24_2022;double precision
insee_raw;cc_diplome_2022;7;population_25_29_2022;double precision
insee_raw;cc_diplome_2022;8;population_30_plus_2022;double precision
insee_raw;cc_diplome_2022;9;scolarises_2_5_2022;double precision
insee_raw;cc_diplome_2022;10;scolarises_6_10_2022;double precision
insee_raw;cc_diplome_2022;11;scolarises_11_14_2022;double precision
insee_raw;cc_diplome_2022;12;scolarises_15_17_2022;double precision
insee_raw;cc_diplome_2022;13;scolarises_18_24_2022;double precision
insee_raw;cc_diplome_2022;14;scolarises_25_29_2022;double precision
insee_raw;cc_diplome_2022;15;scolarises_30_plus_2022;double precision
insee_raw;cc_diplome_2022;16;population_non_scolarisee_15_plus_2022;double precision
insee_raw;cc_diplome_2022;17;sans_diplome_2022;double precision
insee_raw;cc_diplome_2022;18;brevet_2022;double precision
insee_raw;cc_diplome_2022;19;cap_bep_2022;double precision
insee_raw;cc_diplome_2022;20;bac_2022;double precision
insee_raw;cc_diplome_2022;21;diplome_superieur_bac_2_2022;double precision
insee_raw;cc_diplome_2022;22;diplome_superieur_bac_3_4_2022;double precision
insee_raw;cc_diplome_2022;23;diplome_superieur_bac_5_plus_2022;double precision
insee_raw;cc_diplome_2022;24;diplomes_superieur_2022;double precision
insee_raw;cc_diplome_2022;25;population_non_scolarisee_15_plus_2016;double precision
insee_raw;cc_diplome_2022;26;sans_diplome_2016;double precision
insee_raw;cc_diplome_2022;27;cap_bep_2016;double precision
insee_raw;cc_diplome_2022;28;bac_2016;double precision
insee_raw;cc_diplome_2022;29;diplomes_superieur_2016;double precision
insee_raw;cc_diplome_2022;30;population_15_17_2016;double precision
insee_raw;cc_diplome_2022;31;population_18_24_2016;double precision
insee_raw;cc_diplome_2022;32;population_25_29_2016;double precision
insee_raw;cc_diplome_2022;33;scolarises_15_17_2016;double precision
insee_raw;cc_diplome_2022;34;scolarises_18_24_2016;double precision
insee_raw;cc_diplome_2022;35;scolarises_25_29_2016;double precision
insee_raw;cc_emploi_2022;1;codgeo;text
insee_raw;cc_emploi_2022;2;population_15_64_2022;double precision
insee_raw;cc_emploi_2022;3;population_15_24_2022;double precision
insee_raw;cc_emploi_2022;4;population_25_54_2022;double precision
insee_raw;cc_emploi_2022;5;population_55_64_2022;double precision
insee_raw;cc_emploi_2022;6;actifs_15_64_2022;double precision
insee_raw;cc_emploi_2022;7;actifs_15_24_2022;double precision
insee_raw;cc_emploi_2022;8;actifs_25_54_2022;double precision
insee_raw;cc_emploi_2022;9;actifs_55_64_2022;double precision
insee_raw;cc_emploi_2022;10;actifs_occupes_15_64_2022;double precision
insee_raw;cc_emploi_2022;11;actifs_occupes_15_24_2022;double precision
insee_raw;cc_emploi_2022;12;actifs_occupes_25_54_2022;double precision
insee_raw;cc_emploi_2022;13;actifs_occupes_55_64_2022;double precision
insee_raw;cc_emploi_2022;14;chomeurs_15_64_2022;double precision
insee_raw;cc_emploi_2022;15;chomeurs_15_24_2022;double precision
insee_raw;cc_emploi_2022;16;chomeurs_25_54_2022;double precision
insee_raw;cc_emploi_2022;17;chomeurs_55_64_2022;double precision
insee_raw;cc_emploi_2022;18;inactifs_15_64_2022;double precision
insee_raw;cc_emploi_2022;19;etudiants_15_64_2022;double precision
insee_raw;cc_emploi_2022;20;retraites_15_64_2022;double precision
insee_raw;cc_emploi_2022;21;autres_inactifs_15_64_2022;double precision
insee_raw;cc_emploi_2022;22;hommes_15_64_2022;double precision
insee_raw;cc_emploi_2022;23;femmes_15_64_2022;double precision
insee_raw;cc_emploi_2022;24;hommes_actifs_15_64_2022;double precision
insee_raw;cc_emploi_2022;25;femmes_actives_15_64_2022;double precision
insee_raw;cc_emploi_2022;26;hommes_chomeurs_15_64_2022;double precision
insee_raw;cc_emploi_2022;27;femmes_chomeuses_15_64_2022;double precision
insee_raw;cc_emploi_2022;28;hommes_actifs_occupes_15_64_2022;double precision
insee_raw;cc_emploi_2022;29;femmes_actives_occupees_15_64_2022;double precision
insee_raw;cc_emploi_2022;30;emplois_lieu_travail_2022;double precision
insee_raw;cc_emploi_2022;31;actifs_occupes_15p_2022;double precision
insee_raw;cc_emploi_2022;32;population_15p_2022;double precision
insee_raw;cc_emploi_2022;33;actifs_15p_2022;double precision
insee_raw;cc_emploi_2022;34;emplois_salaries_2022;double precision
insee_raw;cc_emploi_2022;35;emplois_salaries_femmes_2022;double precision
insee_raw;cc_emploi_2022;36;emplois_salaries_temps_partiel_2022;double precision
insee_raw;cc_emploi_2022;37;emplois_non_salaries_2022;double precision
insee_raw;cc_emploi_2022;38;emplois_non_salaries_femmes_2022;double precision
insee_raw;cc_emploi_2022;39;emplois_non_salaries_temps_partiel_2022;double precision
insee_raw;cc_emploi_2022;40;emplois_agriculture_2022;double precision
insee_raw;cc_emploi_2022;41;emplois_industrie_2022;double precision
insee_raw;cc_emploi_2022;42;emplois_construction_2022;double precision
insee_raw;cc_emploi_2022;43;emplois_commerce_transport_services_2022;double precision
insee_raw;cc_emploi_2022;44;emplois_admin_enseignement_sante_social_2022;double precision
insee_raw;cc_emploi_2022;45;emplois_agriculteurs_2022;double precision
insee_raw;cc_emploi_2022;46;emplois_artisans_commercants_chefs_entreprise_2022;double precision
insee_raw;cc_emploi_2022;47;emplois_cadres_2022;double precision
insee_raw;cc_emploi_2022;48;emplois_professions_intermediaires_2022;double precision
insee_raw;cc_emploi_2022;49;emplois_employes_2022;double precision
insee_raw;cc_emploi_2022;50;emplois_ouvriers_2022;double precision
insee_raw;cc_emploi_2022;51;population_15_64_2016;double precision
insee_raw;cc_emploi_2022;52;actifs_15_64_2016;double precision
insee_raw;cc_emploi_2022;53;actifs_occupes_15_64_2016;double precision
insee_raw;cc_emploi_2022;54;chomeurs_15_64_2016;double precision
insee_raw;cc_emploi_2022;55;inactifs_15_64_2016;double precision
insee_raw;cc_emploi_2022;56;etudiants_15_64_2016;double precision
insee_raw;cc_emploi_2022;57;retraites_15_64_2016;double precision
insee_raw;cc_emploi_2022;58;autres_inactifs_15_64_2016;double precision
insee_raw;cc_emploi_2022;59;emplois_lieu_travail_2016;double precision
insee_raw;cc_emploi_2022;60;emplois_salaries_2016;double precision
insee_raw;cc_emploi_2022;61;emplois_non_salaries_2016;double precision
insee_raw;cc_logement_2022;1;codgeo;text
insee_raw;cc_logement_2022;2;logements_2022;double precision
insee_raw;cc_logement_2022;3;residences_principales_2022;double precision
insee_raw;cc_logement_2022;4;residences_secondaires_2022;double precision
insee_raw;cc_logement_2022;5;logements_vacants_2022;double precision
insee_raw;cc_logement_2022;6;maisons_2022;double precision
insee_raw;cc_logement_2022;7;appartements_2022;double precision
insee_raw;cc_logement_2022;8;residences_principales_1_piece_2022;double precision
insee_raw;cc_logement_2022;9;residences_principales_2_pieces_2022;double precision
insee_raw;cc_logement_2022;10;residences_principales_3_pieces_2022;double precision
insee_raw;cc_logement_2022;11;residences_principales_4_pieces_2022;double precision
insee_raw;cc_logement_2022;12;residences_principales_5_pieces_plus_2022;double precision
insee_raw;cc_logement_2022;13;nombre_pieces_residences_principales_2022;double precision
insee_raw;cc_logement_2022;14;menages_2022;double precision
insee_raw;cc_logement_2022;15;population_menages_2022;double precision
insee_raw;cc_logement_2022;16;menages_emmenagement_0_2_ans_2022;double precision
insee_raw;cc_logement_2022;17;menages_emmenagement_2_4_ans_2022;double precision
insee_raw;cc_logement_2022;18;menages_emmenagement_5_9_ans_2022;double precision
insee_raw;cc_logement_2022;19;menages_emmenagement_10_ans_plus_2022;double precision
insee_raw;cc_logement_2022;20;menages_emmenagement_30_ans_plus_2022;double precision
insee_raw;cc_logement_2022;21;proprietaires_2022;double precision
insee_raw;cc_logement_2022;22;locataires_2022;double precision
insee_raw;cc_logement_2022;23;locataires_hlm_2022;double precision
insee_raw;cc_logement_2022;24;loges_gratuitement_2022;double precision
insee_raw;cc_logement_2022;25;personnes_residences_principales_2022;double precision
insee_raw;cc_logement_2022;26;personnes_proprietaires_2022;double precision
insee_raw;cc_logement_2022;27;personnes_locataires_2022;double precision
insee_raw;cc_logement_2022;28;personnes_locataires_hlm_2022;double precision
insee_raw;cc_logement_2022;29;personnes_logees_gratuitement_2022;double precision
insee_raw;cc_logement_2022;30;menages_avec_voiture_2022;double precision
insee_raw;cc_logement_2022;31;menages_1_voiture_2022;double precision
insee_raw;cc_logement_2022;32;menages_2_voitures_plus_2022;double precision
insee_raw;cc_logement_2022;33;menages_avec_garage_parking_2022;double precision
insee_raw;cc_logement_2022;34;logements_2016;double precision
insee_raw;cc_logement_2022;35;residences_principales_2016;double precision
insee_raw;cc_logement_2022;36;residences_secondaires_2016;double precision
insee_raw;cc_logement_2022;37;logements_vacants_2016;double precision
insee_raw;cc_logement_2022;38;maisons_2016;double precision
insee_raw;cc_logement_2022;39;appartements_2016;double precision
insee_raw;cc_logement_2022;40;menages_2016;double precision
insee_raw;cc_logement_2022;41;population_menages_2016;double precision
insee_raw;cc_logement_2022;42;proprietaires_2016;double precision
insee_raw;cc_logement_2022;43;locataires_2016;double precision
insee_raw;cc_logement_2022;44;locataires_hlm_2016;double precision
insee_raw;cc_logement_2022;45;loges_gratuitement_2016;double precision
insee_raw;cc_logement_2022;46;logements_2011;double precision
insee_raw;cc_logement_2022;47;residences_principales_2011;double precision
insee_raw;cc_logement_2022;48;residences_secondaires_2011;double precision
insee_raw;cc_logement_2022;49;logements_vacants_2011;double precision
insee_raw;cc_logement_2022;50;maisons_2011;double precision
insee_raw;cc_logement_2022;51;appartements_2011;double precision
insee_raw;cc_logement_2022;52;menages_2011;double precision
insee_raw;cc_logement_2022;53;population_menages_2011;double precision
insee_raw;cc_logement_2022;54;proprietaires_2011;double precision
insee_raw;cc_logement_2022;55;locataires_2011;double precision
insee_raw;cc_logement_2022;56;locataires_hlm_2011;double precision
insee_raw;cc_logement_2022;57;loges_gratuitement_2011;double precision
insee_raw;cc_menages_familles_2022;1;codgeo;text
insee_raw;cc_menages_familles_2022;2;menages_2022;double precision
insee_raw;cc_menages_familles_2022;3;menages_personnes_seules_2022;double precision
insee_raw;cc_menages_familles_2022;4;menages_hommes_seuls_2022;double precision
insee_raw;cc_menages_familles_2022;5;menages_femmes_seules_2022;double precision
insee_raw;cc_menages_familles_2022;6;menages_sans_famille_2022;double precision
insee_raw;cc_menages_familles_2022;7;menages_avec_famille_2022;double precision
insee_raw;cc_menages_familles_2022;8;menages_couples_sans_enfant_2022;double precision
insee_raw;cc_menages_familles_2022;9;menages_couples_avec_enfant_2022;double precision
insee_raw;cc_menages_familles_2022;10;menages_familles_monoparentales_2022;double precision
insee_raw;cc_menages_familles_2022;11;population_menages_2022;double precision
insee_raw;cc_menages_familles_2022;12;population_menages_personnes_seules_2022;double precision
insee_raw;cc_menages_familles_2022;13;population_menages_hommes_seuls_2022;double precision
insee_raw;cc_menages_familles_2022;14;population_menages_femmes_seules_2022;double precision
insee_raw;cc_menages_familles_2022;15;population_menages_sans_famille_2022;double precision
insee_raw;cc_menages_familles_2022;16;population_menages_avec_famille_2022;double precision
insee_raw;cc_menages_familles_2022;17;population_menages_couples_sans_enfant_2022;double precision
insee_raw;cc_menages_familles_2022;18;population_menages_couples_avec_enfant_2022;double precision
insee_raw;cc_menages_familles_2022;19;population_menages_familles_monoparentales_2022;double precision
insee_raw;cc_menages_familles_2022;20;population_15_plus_2022;double precision
insee_raw;cc_menages_familles_2022;21;population_15_19_2022;double precision
insee_raw;cc_menages_familles_2022;22;population_20_24_2022;double precision
insee_raw;cc_menages_familles_2022;23;population_25_39_2022;double precision
insee_raw;cc_menages_familles_2022;24;population_40_54_2022;double precision
insee_raw;cc_menages_familles_2022;25;population_55_64_2022;double precision
insee_raw;cc_menages_familles_2022;26;population_65_79_2022;double precision
insee_raw;cc_menages_familles_2022;27;population_80_plus_2022;double precision
insee_raw;cc_menages_familles_2022;28;population_menage_15_19_2022;double precision
insee_raw;cc_menages_familles_2022;29;population_menage_20_24_2022;double precision
insee_raw;cc_menages_familles_2022;30;population_menage_25_39_2022;double precision
insee_raw;cc_menages_familles_2022;31;population_menage_40_54_2022;double precision
insee_raw;cc_menages_familles_2022;32;population_menage_55_64_2022;double precision
insee_raw;cc_menages_familles_2022;33;population_menage_65_79_2022;double precision
insee_raw;cc_menages_familles_2022;34;population_menage_80_plus_2022;double precision
insee_raw;cc_menages_familles_2022;35;personnes_seules_15_19_2022;double precision
insee_raw;cc_menages_familles_2022;36;personnes_seules_20_24_2022;double precision
insee_raw;cc_menages_familles_2022;37;personnes_seules_25_39_2022;double precision
insee_raw;cc_menages_familles_2022;38;personnes_seules_40_54_2022;double precision
insee_raw;cc_menages_familles_2022;39;personnes_seules_55_64_2022;double precision
insee_raw;cc_menages_familles_2022;40;personnes_seules_65_79_2022;double precision
insee_raw;cc_menages_familles_2022;41;personnes_seules_80_plus_2022;double precision
insee_raw;cc_menages_familles_2022;42;personnes_en_couple_15_19_2022;double precision
insee_raw;cc_menages_familles_2022;43;personnes_en_couple_20_24_2022;double precision
insee_raw;cc_menages_familles_2022;44;personnes_en_couple_25_39_2022;double precision
insee_raw;cc_menages_familles_2022;45;personnes_en_couple_40_54_2022;double precision
insee_raw;cc_menages_familles_2022;46;personnes_en_couple_55_64_2022;double precision
insee_raw;cc_menages_familles_2022;47;personnes_en_couple_65_79_2022;double precision
insee_raw;cc_menages_familles_2022;48;personnes_en_couple_80_plus_2022;double precision
insee_raw;cc_menages_familles_2022;49;personnes_15_plus_mariees_2022;double precision
insee_raw;cc_menages_familles_2022;50;personnes_15_plus_pacsees_2022;double precision
insee_raw;cc_menages_familles_2022;51;personnes_15_plus_union_libre_2022;double precision
insee_raw;cc_menages_familles_2022;52;personnes_15_plus_veuves_2022;double precision
insee_raw;cc_menages_familles_2022;53;personnes_15_plus_divorcees_2022;double precision
insee_raw;cc_menages_familles_2022;54;personnes_15_plus_celibataires_2022;double precision
insee_raw;cc_menages_familles_2022;55;familles_2022;double precision
insee_raw;cc_menages_familles_2022;56;familles_couples_avec_enfant_2022;double precision
insee_raw;cc_menages_familles_2022;57;familles_monoparentales_2022;double precision
insee_raw;cc_menages_familles_2022;58;familles_monoparentales_hommes_2022;double precision
insee_raw;cc_menages_familles_2022;59;familles_monoparentales_femmes_2022;double precision
insee_raw;cc_menages_familles_2022;60;familles_couples_sans_enfant_2022;double precision
insee_raw;cc_menages_familles_2022;61;familles_sans_enfant_moins_24_ans_2022;double precision
insee_raw;cc_menages_familles_2022;62;familles_1_enfant_moins_24_ans_2022;double precision
insee_raw;cc_menages_familles_2022;63;familles_2_enfants_moins_24_ans_2022;double precision
insee_raw;cc_menages_familles_2022;64;familles_3_enfants_moins_24_ans_2022;double precision
insee_raw;cc_menages_familles_2022;65;familles_4_enfants_plus_moins_24_ans_2022;double precision
insee_raw;cc_menages_familles_2022;66;familles_traditionnelles_2022;double precision
insee_raw;cc_menages_familles_2022;67;familles_recomposees_2022;double precision
insee_raw;cc_menages_familles_2022;68;menages_2016;double precision
insee_raw;cc_menages_familles_2022;69;menages_personnes_seules_2016;double precision
insee_raw;cc_menages_familles_2022;70;menages_sans_famille_2016;double precision
insee_raw;cc_menages_familles_2022;71;menages_avec_famille_2016;double precision
insee_raw;cc_menages_familles_2022;72;menages_couples_sans_enfant_2016;double precision
insee_raw;cc_menages_familles_2022;73;menages_couples_avec_enfant_2016;double precision
insee_raw;cc_menages_familles_2022;74;menages_familles_monoparentales_2016;double precision
insee_raw;cc_menages_familles_2022;75;population_menages_2016;double precision
insee_raw;cc_menages_familles_2022;76;familles_2016;double precision
insee_raw;cc_menages_familles_2022;77;familles_couples_avec_enfant_2016;double precision
insee_raw;cc_menages_familles_2022;78;familles_monoparentales_2016;double precision
insee_raw;cc_menages_familles_2022;79;familles_couples_sans_enfant_2016;double precision
insee_raw;cc_menages_familles_2022;80;menages_2011;double precision
insee_raw;cc_menages_familles_2022;81;menages_personnes_seules_2011;double precision
insee_raw;cc_menages_familles_2022;82;menages_sans_famille_2011;double precision
insee_raw;cc_menages_familles_2022;83;menages_avec_famille_2011;double precision
insee_raw;cc_menages_familles_2022;84;menages_couples_sans_enfant_2011;double precision
insee_raw;cc_menages_familles_2022;85;menages_couples_avec_enfant_2011;double precision
insee_raw;cc_menages_familles_2022;86;menages_familles_monoparentales_2011;double precision
insee_raw;cc_menages_familles_2022;87;population_menages_2011;double precision
insee_raw;cc_menages_familles_2022;88;familles_2011;double precision
insee_raw;cc_menages_familles_2022;89;familles_couples_avec_enfant_2011;double precision
insee_raw;cc_menages_familles_2022;90;familles_monoparentales_2011;double precision
insee_raw;cc_menages_familles_2022;91;familles_couples_sans_enfant_2011;double precision
insee_raw;cc_population_2022;1;codgeo;text
insee_raw;cc_population_2022;2;population_2022;double precision
insee_raw;cc_population_2022;3;population_2016;double precision
insee_raw;cc_population_2022;4;population_2011;double precision
insee_raw;cc_population_2022;5;pop_0_14_2022;double precision
insee_raw;cc_population_2022;6;pop_15_29_2022;double precision
insee_raw;cc_population_2022;7;pop_30_44_2022;double precision
insee_raw;cc_population_2022;8;pop_45_59_2022;double precision
insee_raw;cc_population_2022;9;pop_60_74_2022;double precision
insee_raw;cc_population_2022;10;pop_75_89_2022;double precision
insee_raw;cc_population_2022;11;pop_90_plus_2022;double precision
insee_raw;cc_population_2022;12;hommes_2022;double precision
insee_raw;cc_population_2022;13;femmes_2022;double precision
insee_raw;cc_population_2022;14;pop_0_14_2016;double precision
insee_raw;cc_population_2022;15;pop_15_29_2016;double precision
insee_raw;cc_population_2022;16;pop_30_44_2016;double precision
insee_raw;cc_population_2022;17;pop_45_59_2016;double precision
insee_raw;cc_population_2022;18;pop_60_74_2016;double precision
insee_raw;cc_population_2022;19;pop_75_89_2016;double precision
insee_raw;cc_population_2022;20;pop_90_plus_2016;double precision
insee_raw;cc_population_2022;21;pop_0_14_2011;double precision
insee_raw;cc_population_2022;22;pop_15_29_2011;double precision
insee_raw;cc_population_2022;23;pop_30_44_2011;double precision
insee_raw;cc_population_2022;24;pop_45_59_2011;double precision
insee_raw;cc_population_2022;25;pop_60_74_2011;double precision
insee_raw;cc_population_2022;26;pop_75_89_2011;double precision
insee_raw;cc_population_2022;27;pop_90_plus_2011;double precision
insee_raw;cc_revenu_com_2021;1;codgeo;text
insee_raw;cc_revenu_com_2021;2;part_prestations_sociales_pct;double precision
insee_raw;cc_revenu_com_2021;3;part_minima_sociaux_pct;double precision
insee_raw;cc_revenu_com_2021;4;s_soc_ben_di_fam_ben;double precision
insee_raw;cc_revenu_com_2021;5;nombre_personnes;double precision
insee_raw;cc_revenu_com_2021;6;part_revenus_activite_pct;double precision
insee_raw;cc_revenu_com_2021;7;part_impots_directs_pct;double precision
insee_raw;cc_revenu_com_2021;8;part_indemnites_chomage_pct;double precision
insee_raw;cc_revenu_com_2021;9;s_ei_di_n_sal;double precision
insee_raw;cc_revenu_com_2021;10;nombre_unites_consommation;double precision
insee_raw;cc_revenu_com_2021;11;taux_pauvrete_60_pct;double precision
insee_raw;cc_revenu_com_2021;12;rapport_interdecile_d9_d1;double precision
insee_raw;cc_revenu_com_2021;13;part_revenus_patrimoine_autres_pct;double precision
insee_raw;cc_revenu_com_2021;14;niveau_vie_median_euros;double precision
insee_raw;cc_revenu_com_2021;15;niveau_vie_1er_decile_euros;double precision
insee_raw;cc_revenu_com_2021;16;s_soc_ben_di_hou_ben;double precision
insee_raw;cc_revenu_com_2021;17;nombre_menages;double precision
insee_raw;cc_revenu_com_2021;18;part_menages_imposes_pct;double precision
insee_raw;cc_revenu_com_2021;19;niveau_vie_9e_decile_euros;double precision
insee_raw;cc_revenu_com_2021;20;part_salaires_pct;double precision
insee_raw;cc_revenu_com_2021;21;part_pensions_retraites_rentes_pct;double precision
