file_name;column_position;column_name
cc_population_2022.csv;1;codgeo
cc_population_2022.csv;2;population_2022
cc_population_2022.csv;3;population_2016
cc_population_2022.csv;4;population_2011
cc_population_2022.csv;5;pop_0_14_2022
cc_population_2022.csv;6;pop_15_29_2022
cc_population_2022.csv;7;pop_30_44_2022
cc_population_2022.csv;8;pop_45_59_2022
cc_population_2022.csv;9;pop_60_74_2022
cc_population_2022.csv;10;pop_75_89_2022
cc_population_2022.csv;11;pop_90_plus_2022
cc_population_2022.csv;12;hommes_2022
cc_population_2022.csv;13;femmes_2022
cc_population_2022.csv;14;pop_0_14_2016
cc_population_2022.csv;15;pop_15_29_2016
cc_population_2022.csv;16;pop_30_44_2016
cc_population_2022.csv;17;pop_45_59_2016
cc_population_2022.csv;18;pop_60_74_2016
cc_population_2022.csv;19;pop_75_89_2016
cc_population_2022.csv;20;pop_90_plus_2016
cc_population_2022.csv;21;pop_0_14_2011
cc_population_2022.csv;22;pop_15_29_2011
cc_population_2022.csv;23;pop_30_44_2011
cc_population_2022.csv;24;pop_45_59_2011
cc_population_2022.csv;25;pop_60_74_2011
cc_population_2022.csv;26;pop_75_89_2011
cc_population_2022.csv;27;pop_90_plus_2011
cc_emploi_2022.csv;1;codgeo
cc_emploi_2022.csv;2;population_15_64_2022
cc_emploi_2022.csv;3;population_15_24_2022
cc_emploi_2022.csv;4;population_25_54_2022
cc_emploi_2022.csv;5;population_55_64_2022
cc_emploi_2022.csv;6;actifs_15_64_2022
cc_emploi_2022.csv;7;actifs_15_24_2022
cc_emploi_2022.csv;8;actifs_25_54_2022
cc_emploi_2022.csv;9;actifs_55_64_2022
cc_emploi_2022.csv;10;actifs_occupes_15_64_2022
cc_emploi_2022.csv;11;actifs_occupes_15_24_2022
cc_emploi_2022.csv;12;actifs_occupes_25_54_2022
cc_emploi_2022.csv;13;actifs_occupes_55_64_2022
cc_emploi_2022.csv;14;chomeurs_15_64_2022
cc_emploi_2022.csv;15;chomeurs_15_24_2022
cc_emploi_2022.csv;16;chomeurs_25_54_2022
cc_emploi_2022.csv;17;chomeurs_55_64_2022
cc_emploi_2022.csv;18;inactifs_15_64_2022
cc_emploi_2022.csv;19;etudiants_15_64_2022
cc_emploi_2022.csv;20;retraites_15_64_2022
cc_emploi_2022.csv;21;autres_inactifs_15_64_2022
cc_emploi_2022.csv;22;hommes_15_64_2022
cc_emploi_2022.csv;23;femmes_15_64_2022
cc_emploi_2022.csv;24;hommes_actifs_15_64_2022
cc_emploi_2022.csv;25;femmes_actives_15_64_2022
cc_emploi_2022.csv;26;hommes_chomeurs_15_64_2022
cc_emploi_2022.csv;27;femmes_chomeuses_15_64_2022
cc_emploi_2022.csv;28;hommes_actifs_occupes_15_64_2022
cc_emploi_2022.csv;29;femmes_actives_occupees_15_64_2022
cc_emploi_2022.csv;30;emplois_lieu_travail_2022
cc_emploi_2022.csv;31;actifs_occupes_15p_2022
cc_emploi_2022.csv;32;population_15p_2022
cc_emploi_2022.csv;33;actifs_15p_2022
cc_emploi_2022.csv;34;emplois_salaries_2022
cc_emploi_2022.csv;35;emplois_salaries_femmes_2022
cc_emploi_2022.csv;36;emplois_salaries_temps_partiel_2022
cc_emploi_2022.csv;37;emplois_non_salaries_2022
cc_emploi_2022.csv;38;emplois_non_salaries_femmes_2022
cc_emploi_2022.csv;39;emplois_non_salaries_temps_partiel_2022
cc_emploi_2022.csv;40;emplois_agriculture_2022
cc_emploi_2022.csv;41;emplois_industrie_2022
cc_emploi_2022.csv;42;emplois_construction_2022
cc_emploi_2022.csv;43;emplois_commerce_transport_services_2022
cc_emploi_2022.csv;44;emplois_admin_enseignement_sante_social_2022
cc_emploi_2022.csv;45;emplois_agriculteurs_2022
cc_emploi_2022.csv;46;emplois_artisans_commercants_chefs_entreprise_2022
cc_emploi_2022.csv;47;emplois_cadres_2022
cc_emploi_2022.csv;48;emplois_professions_intermediaires_2022
cc_emploi_2022.csv;49;emplois_employes_2022
cc_emploi_2022.csv;50;emplois_ouvriers_2022
cc_emploi_2022.csv;51;population_15_64_2016
cc_emploi_2022.csv;52;actifs_15_64_2016
cc_emploi_2022.csv;53;actifs_occupes_15_64_2016
cc_emploi_2022.csv;54;chomeurs_15_64_2016
cc_emploi_2022.csv;55;inactifs_15_64_2016
cc_emploi_2022.csv;56;etudiants_15_64_2016
cc_emploi_2022.csv;57;retraites_15_64_2016
cc_emploi_2022.csv;58;autres_inactifs_15_64_2016
cc_emploi_2022.csv;59;emplois_lieu_travail_2016
cc_emploi_2022.csv;60;emplois_salaries_2016
cc_emploi_2022.csv;61;emplois_non_salaries_2016
cc_diplome_2022.csv;1;codgeo
cc_diplome_2022.csv;2;population_2_5_2022
cc_diplome_2022.csv;3;population_6_10_2022
cc_diplome_2022.csv;4;population_11_14_2022
cc_diplome_2022.csv;5;population_15_17_2022
cc_diplome_2022.csv;6;population_18_24_2022
cc_diplome_2022.csv;7;population_25_29_2022
cc_diplome_2022.csv;8;population_30_plus_2022
cc_diplome_2022.csv;9;scolarises_2_5_2022
cc_diplome_2022.csv;10;scolarises_6_10_2022
cc_diplome_2022.csv;11;scolarises_11_14_2022
cc_diplome_2022.csv;12;scolarises_15_17_2022
cc_diplome_2022.csv;13;scolarises_18_24_2022
cc_diplome_2022.csv;14;scolarises_25_29_2022
cc_diplome_2022.csv;15;scolarises_30_plus_2022
cc_diplome_2022.csv;16;population_non_scolarisee_15_plus_2022
cc_diplome_2022.csv;17;sans_diplome_2022
cc_diplome_2022.csv;18;brevet_2022
cc_diplome_2022.csv;19;cap_bep_2022
cc_diplome_2022.csv;20;bac_2022
cc_diplome_2022.csv;21;diplome_superieur_bac_2_2022
cc_diplome_2022.csv;22;diplome_superieur_bac_3_4_2022
cc_diplome_2022.csv;23;diplome_superieur_bac_5_plus_2022
cc_diplome_2022.csv;24;diplomes_superieur_2022
cc_diplome_2022.csv;25;population_non_scolarisee_15_plus_2016
cc_diplome_2022.csv;26;sans_diplome_2016
cc_diplome_2022.csv;27;cap_bep_2016
cc_diplome_2022.csv;28;bac_2016
cc_diplome_2022.csv;29;diplomes_superieur_2016
cc_diplome_2022.csv;30;population_15_17_2016
cc_diplome_2022.csv;31;population_18_24_2016
cc_diplome_2022.csv;32;population_25_29_2016
cc_diplome_2022.csv;33;scolarises_15_17_2016
cc_diplome_2022.csv;34;scolarises_18_24_2016
cc_diplome_2022.csv;35;scolarises_25_29_2016
cc_logement_2022.csv;1;codgeo
cc_logement_2022.csv;2;logements_2022
cc_logement_2022.csv;3;residences_principales_2022
cc_logement_2022.csv;4;residences_secondaires_2022
cc_logement_2022.csv;5;logements_vacants_2022
cc_logement_2022.csv;6;maisons_2022
cc_logement_2022.csv;7;appartements_2022
cc_logement_2022.csv;8;residences_principales_1_piece_2022
cc_logement_2022.csv;9;residences_principales_2_pieces_2022
cc_logement_2022.csv;10;residences_principales_3_pieces_2022
cc_logement_2022.csv;11;residences_principales_4_pieces_2022
cc_logement_2022.csv;12;residences_principales_5_pieces_plus_2022
cc_logement_2022.csv;13;nombre_pieces_residences_principales_2022
cc_logement_2022.csv;14;menages_2022
cc_logement_2022.csv;15;population_menages_2022
cc_logement_2022.csv;16;menages_emmenagement_0_2_ans_2022
cc_logement_2022.csv;17;menages_emmenagement_2_4_ans_2022
cc_logement_2022.csv;18;menages_emmenagement_5_9_ans_2022
cc_logement_2022.csv;19;menages_emmenagement_10_ans_plus_2022
cc_logement_2022.csv;20;menages_emmenagement_30_ans_plus_2022
cc_logement_2022.csv;21;proprietaires_2022
cc_logement_2022.csv;22;locataires_2022
cc_logement_2022.csv;23;locataires_hlm_2022
cc_logement_2022.csv;24;loges_gratuitement_2022
cc_logement_2022.csv;25;personnes_residences_principales_2022
cc_logement_2022.csv;26;personnes_proprietaires_2022
cc_logement_2022.csv;27;personnes_locataires_2022
cc_logement_2022.csv;28;personnes_locataires_hlm_2022
cc_logement_2022.csv;29;personnes_logees_gratuitement_2022
cc_logement_2022.csv;30;menages_avec_voiture_2022
cc_logement_2022.csv;31;menages_1_voiture_2022
cc_logement_2022.csv;32;menages_2_voitures_plus_2022
cc_logement_2022.csv;33;menages_avec_garage_parking_2022
cc_logement_2022.csv;34;logements_2016
cc_logement_2022.csv;35;residences_principales_2016
cc_logement_2022.csv;36;residences_secondaires_2016
cc_logement_2022.csv;37;logements_vacants_2016
cc_logement_2022.csv;38;maisons_2016
cc_logement_2022.csv;39;appartements_2016
cc_logement_2022.csv;40;menages_2016
cc_logement_2022.csv;41;population_menages_2016
cc_logement_2022.csv;42;proprietaires_2016
cc_logement_2022.csv;43;locataires_2016
cc_logement_2022.csv;44;locataires_hlm_2016
cc_logement_2022.csv;45;loges_gratuitement_2016
cc_logement_2022.csv;46;logements_2011
cc_logement_2022.csv;47;residences_principales_2011
cc_logement_2022.csv;48;residences_secondaires_2011
cc_logement_2022.csv;49;logements_vacants_2011
cc_logement_2022.csv;50;maisons_2011
cc_logement_2022.csv;51;appartements_2011
cc_logement_2022.csv;52;menages_2011
cc_logement_2022.csv;53;population_menages_2011
cc_logement_2022.csv;54;proprietaires_2011
cc_logement_2022.csv;55;locataires_2011
cc_logement_2022.csv;56;locataires_hlm_2011
cc_logement_2022.csv;57;loges_gratuitement_2011
cc_menages_familles_2022.csv;1;codgeo
cc_menages_familles_2022.csv;2;menages_2022
cc_menages_familles_2022.csv;3;menages_personnes_seules_2022
cc_menages_familles_2022.csv;4;menages_hommes_seuls_2022
cc_menages_familles_2022.csv;5;menages_femmes_seules_2022
cc_menages_familles_2022.csv;6;menages_sans_famille_2022
cc_menages_familles_2022.csv;7;menages_avec_famille_2022
cc_menages_familles_2022.csv;8;menages_couples_sans_enfant_2022
cc_menages_familles_2022.csv;9;menages_couples_avec_enfant_2022
cc_menages_familles_2022.csv;10;menages_familles_monoparentales_2022
cc_menages_familles_2022.csv;11;population_menages_2022
cc_menages_familles_2022.csv;12;population_menages_personnes_seules_2022
cc_menages_familles_2022.csv;13;population_menages_hommes_seuls_2022
cc_menages_familles_2022.csv;14;population_menages_femmes_seules_2022
cc_menages_familles_2022.csv;15;population_menages_sans_famille_2022
cc_menages_familles_2022.csv;16;population_menages_avec_famille_2022
cc_menages_familles_2022.csv;17;population_menages_couples_sans_enfant_2022
cc_menages_familles_2022.csv;18;population_menages_couples_avec_enfant_2022
cc_menages_familles_2022.csv;19;population_menages_familles_monoparentales_2022
cc_menages_familles_2022.csv;20;population_15_plus_2022
cc_menages_familles_2022.csv;21;population_15_19_2022
cc_menages_familles_2022.csv;22;population_20_24_2022
cc_menages_familles_2022.csv;23;population_25_39_2022
cc_menages_familles_2022.csv;24;population_40_54_2022
cc_menages_familles_2022.csv;25;population_55_64_2022
cc_menages_familles_2022.csv;26;population_65_79_2022
cc_menages_familles_2022.csv;27;population_80_plus_2022
cc_menages_familles_2022.csv;28;population_menage_15_19_2022
cc_menages_familles_2022.csv;29;population_menage_20_24_2022
cc_menages_familles_2022.csv;30;population_menage_25_39_2022
cc_menages_familles_2022.csv;31;population_menage_40_54_2022
cc_menages_familles_2022.csv;32;population_menage_55_64_2022
cc_menages_familles_2022.csv;33;population_menage_65_79_2022
cc_menages_familles_2022.csv;34;population_menage_80_plus_2022
cc_menages_familles_2022.csv;35;personnes_seules_15_19_2022
cc_menages_familles_2022.csv;36;personnes_seules_20_24_2022
cc_menages_familles_2022.csv;37;personnes_seules_25_39_2022
cc_menages_familles_2022.csv;38;personnes_seules_40_54_2022
cc_menages_familles_2022.csv;39;personnes_seules_55_64_2022
cc_menages_familles_2022.csv;40;personnes_seules_65_79_2022
cc_menages_familles_2022.csv;41;personnes_seules_80_plus_2022
cc_menages_familles_2022.csv;42;personnes_en_couple_15_19_2022
cc_menages_familles_2022.csv;43;personnes_en_couple_20_24_2022
cc_menages_familles_2022.csv;44;personnes_en_couple_25_39_2022
cc_menages_familles_2022.csv;45;personnes_en_couple_40_54_2022
cc_menages_familles_2022.csv;46;personnes_en_couple_55_64_2022
cc_menages_familles_2022.csv;47;personnes_en_couple_65_79_2022
cc_menages_familles_2022.csv;48;personnes_en_couple_80_plus_2022
cc_menages_familles_2022.csv;49;personnes_15_plus_mariees_2022
cc_menages_familles_2022.csv;50;personnes_15_plus_pacsees_2022
cc_menages_familles_2022.csv;51;personnes_15_plus_union_libre_2022
cc_menages_familles_2022.csv;52;personnes_15_plus_veuves_2022
cc_menages_familles_2022.csv;53;personnes_15_plus_divorcees_2022
cc_menages_familles_2022.csv;54;personnes_15_plus_celibataires_2022
cc_menages_familles_2022.csv;55;familles_2022
cc_menages_familles_2022.csv;56;familles_couples_avec_enfant_2022
cc_menages_familles_2022.csv;57;familles_monoparentales_2022
cc_menages_familles_2022.csv;58;familles_monoparentales_hommes_2022
cc_menages_familles_2022.csv;59;familles_monoparentales_femmes_2022
cc_menages_familles_2022.csv;60;familles_couples_sans_enfant_2022
cc_menages_familles_2022.csv;61;familles_sans_enfant_moins_24_ans_2022
cc_menages_familles_2022.csv;62;familles_1_enfant_moins_24_ans_2022
cc_menages_familles_2022.csv;63;familles_2_enfants_moins_24_ans_2022
cc_menages_familles_2022.csv;64;familles_3_enfants_moins_24_ans_2022
cc_menages_familles_2022.csv;65;familles_4_enfants_plus_moins_24_ans_2022
cc_menages_familles_2022.csv;66;familles_traditionnelles_2022
cc_menages_familles_2022.csv;67;familles_recomposees_2022
cc_menages_familles_2022.csv;68;menages_2016
cc_menages_familles_2022.csv;69;menages_personnes_seules_2016
cc_menages_familles_2022.csv;70;menages_sans_famille_2016
cc_menages_familles_2022.csv;71;menages_avec_famille_2016
cc_menages_familles_2022.csv;72;menages_couples_sans_enfant_2016
cc_menages_familles_2022.csv;73;menages_couples_avec_enfant_2016
cc_menages_familles_2022.csv;74;menages_familles_monoparentales_2016
cc_menages_familles_2022.csv;75;population_menages_2016
cc_menages_familles_2022.csv;76;familles_2016
cc_menages_familles_2022.csv;77;familles_couples_avec_enfant_2016
cc_menages_familles_2022.csv;78;familles_monoparentales_2016
cc_menages_familles_2022.csv;79;familles_couples_sans_enfant_2016
cc_menages_familles_2022.csv;80;menages_2011
cc_menages_familles_2022.csv;81;menages_personnes_seules_2011
cc_menages_familles_2022.csv;82;menages_sans_famille_2011
cc_menages_familles_2022.csv;83;menages_avec_famille_2011
cc_menages_familles_2022.csv;84;menages_couples_sans_enfant_2011
cc_menages_familles_2022.csv;85;menages_couples_avec_enfant_2011
cc_menages_familles_2022.csv;86;menages_familles_monoparentales_2011
cc_menages_familles_2022.csv;87;population_menages_2011
cc_menages_familles_2022.csv;88;familles_2011
cc_menages_familles_2022.csv;89;familles_couples_avec_enfant_2011
cc_menages_familles_2022.csv;90;familles_monoparentales_2011
cc_menages_familles_2022.csv;91;familles_couples_sans_enfant_2011
cc_caracteristiques_emploi_2022.csv;1;codgeo
cc_caracteristiques_emploi_2022.csv;2;actifs_occupes_15_plus_2022
cc_caracteristiques_emploi_2022.csv;3;salaries_15_plus_2022
cc_caracteristiques_emploi_2022.csv;4;non_salaries_15_plus_2022
cc_caracteristiques_emploi_2022.csv;5;actifs_occupes_temps_partiel_15_plus_2022
cc_caracteristiques_emploi_2022.csv;6;salaries_temps_partiel_15_plus_2022
cc_caracteristiques_emploi_2022.csv;7;non_salaries_temps_partiel_15_plus_2022
cc_caracteristiques_emploi_2022.csv;8;salaries_cdi_2022
cc_caracteristiques_emploi_2022.csv;9;salaries_cdd_2022
cc_caracteristiques_emploi_2022.csv;10;salaries_interim_2022
cc_caracteristiques_emploi_2022.csv;11;salaries_emplois_aides_2022
cc_caracteristiques_emploi_2022.csv;12;salaries_apprentis_2022
cc_caracteristiques_emploi_2022.csv;13;non_salaries_independants_2022
cc_caracteristiques_emploi_2022.csv;14;non_salaries_employeurs_2022
cc_caracteristiques_emploi_2022.csv;15;non_salaries_aides_familiaux_2022
cc_caracteristiques_emploi_2022.csv;16;salaries_hommes_temps_partiel_2022
cc_caracteristiques_emploi_2022.csv;17;salaries_femmes_temps_partiel_2022
cc_caracteristiques_emploi_2022.csv;18;actifs_occupes_travaillant_commune_residence_2022
cc_caracteristiques_emploi_2022.csv;19;actifs_occupes_travaillant_hors_commune_residence_2022
cc_caracteristiques_emploi_2022.csv;20;actifs_occupes_travaillant_autre_commune_meme_departement_2022
cc_caracteristiques_emploi_2022.csv;21;actifs_occupes_travaillant_autre_departement_meme_region_2022
cc_caracteristiques_emploi_2022.csv;22;actifs_occupes_travaillant_autre_region_2022
cc_caracteristiques_emploi_2022.csv;23;actifs_occupes_travaillant_hors_france_metropolitaine_2022
cc_caracteristiques_emploi_2022.csv;24;transport_pas_de_deplacement_2022
cc_caracteristiques_emploi_2022.csv;25;transport_marche_2022
cc_caracteristiques_emploi_2022.csv;26;transport_velo_2022
cc_caracteristiques_emploi_2022.csv;27;transport_deux_roues_motorise_2022
cc_caracteristiques_emploi_2022.csv;28;transport_voiture_2022
cc_caracteristiques_emploi_2022.csv;29;transport_commun_2022
cc_caracteristiques_emploi_2022.csv;30;actifs_occupes_15_plus_2016
cc_caracteristiques_emploi_2022.csv;31;salaries_15_plus_2016
cc_caracteristiques_emploi_2022.csv;32;non_salaries_15_plus_2016
cc_caracteristiques_emploi_2022.csv;33;actifs_occupes_temps_partiel_15_plus_2016
cc_caracteristiques_emploi_2022.csv;34;salaries_temps_partiel_15_plus_2016
cc_caracteristiques_emploi_2022.csv;35;non_salaries_temps_partiel_15_plus_2016
cc_caracteristiques_emploi_2022.csv;36;salaries_cdi_2016
cc_caracteristiques_emploi_2022.csv;37;salaries_cdd_2016
cc_caracteristiques_emploi_2022.csv;38;salaries_interim_2016
cc_caracteristiques_emploi_2022.csv;39;salaries_emplois_aides_2016
cc_caracteristiques_emploi_2022.csv;40;salaries_apprentis_2016
cc_caracteristiques_emploi_2022.csv;41;non_salaries_independants_2016
cc_caracteristiques_emploi_2022.csv;42;non_salaries_employeurs_2016
cc_caracteristiques_emploi_2022.csv;43;non_salaries_aides_familiaux_2016
cc_caracteristiques_emploi_2022.csv;44;actifs_occupes_travaillant_commune_residence_2016
cc_caracteristiques_emploi_2022.csv;45;actifs_occupes_travaillant_hors_commune_residence_2016
cc_caracteristiques_emploi_2022.csv;46;transport_pas_de_deplacement_2016
cc_caracteristiques_emploi_2022.csv;47;transport_marche_2016
cc_caracteristiques_emploi_2022.csv;48;transport_deux_roues_2016
cc_caracteristiques_emploi_2022.csv;49;transport_voiture_2016
cc_caracteristiques_emploi_2022.csv;50;transport_commun_2016
cc_revenu_com_2021.csv;1;codgeo
cc_revenu_com_2021.csv;2;part_prestations_sociales_pct
cc_revenu_com_2021.csv;3;part_minima_sociaux_pct
cc_revenu_com_2021.csv;4;s_soc_ben_di_fam_ben
cc_revenu_com_2021.csv;5;nombre_personnes
cc_revenu_com_2021.csv;6;part_revenus_activite_pct
cc_revenu_com_2021.csv;7;part_impots_directs_pct
cc_revenu_com_2021.csv;8;part_indemnites_chomage_pct
cc_revenu_com_2021.csv;9;s_ei_di_n_sal
cc_revenu_com_2021.csv;10;nombre_unites_consommation
cc_revenu_com_2021.csv;11;taux_pauvrete_60_pct
cc_revenu_com_2021.csv;12;rapport_interdecile_d9_d1
cc_revenu_com_2021.csv;13;part_revenus_patrimoine_autres_pct
cc_revenu_com_2021.csv;14;niveau_vie_median_euros
cc_revenu_com_2021.csv;15;niveau_vie_1er_decile_euros
cc_revenu_com_2021.csv;16;s_soc_ben_di_hou_ben
cc_revenu_com_2021.csv;17;nombre_menages
cc_revenu_com_2021.csv;18;part_menages_imposes_pct
cc_revenu_com_2021.csv;19;niveau_vie_9e_decile_euros
cc_revenu_com_2021.csv;20;part_salaires_pct
cc_revenu_com_2021.csv;21;part_pensions_retraites_rentes_pct
