codgeo;nom_commune;code_departement;population_2022;typologie_commune;part_60_ans_plus_2022;part_75_ans_plus_2022;indice_vieillissement_simplifie;evol_population_2016_2022_pct;part_menages_personnes_seules_2022;part_80_plus_seuls_2022
31127;Caubous;31;3;Commune vieillissante;100,00;0,00;;-25,00;;
88288;Maroncourt;88;5;Commune vieillissante;80,00;20,00;;-54,55;0,00;100,00
11147;Fontanès-de-Sault;11;5;Commune vieillissante;80,00;20,00;400,00;0,00;0,00;
21279;Fontaines-les-Sèches;21;26;Commune vieillissante;76,92;19,23;2000,00;-7,14;33,33;0,00
09096;Château-Verdun;09;41;Commune vieillissante;75,61;34,15;1550,00;0,00;66,67;63,64
31348;Moncaup;31;36;Commune vieillissante;75,00;25,00;;-5,26;40,91;50,00
39324;Mérona;39;8;Commune vieillissante;75,00;12,50;;-11,11;0,00;
26030;La Bâtie-des-Fonds;26;4;Commune vieillissante;75,00;50,00;;-20,00;0,00;
11096;Comus;11;33;Commune vieillissante;72,73;33,33;1200,00;-23,26;25,00;75,00
26161;Lemps;26;43;Commune vieillissante;72,09;16,28;1033,33;-10,42;38,46;100,00
09237;Le Puch;09;28;Commune vieillissante;71,43;28,57;;-3,45;72,73;50,00
05051;Étoile-Saint-Cyrice;05;24;Commune vieillissante;70,83;12,50;566,67;-22,58;66,67;100,00
11031;Belfort-sur-Rebenty;11;24;Commune vieillissante;70,83;20,83;;-17,24;66,67;100,00
43064;Chassignolles;43;64;Commune vieillissante;70,31;12,50;2250,00;0,00;53,66;57,14
65111;Bulan;65;59;Commune vieillissante;69,49;18,64;820,00;-1,67;41,18;22,22
79055;Brieuil-sur-Chizé;79;98;Commune vieillissante;69,39;40,82;618,18;-17,65;19,23;0,00
15260;Vieillevie;15;104;Commune vieillissante;69,23;20,19;1440,00;-6,31;45,31;36,36
15066;Le Falgoux;15;116;Commune vieillissante;68,97;30,17;1142,86;-6,45;46,48;26,67
2B081;Castiglione;2B;41;Commune vieillissante;68,29;34,15;700,00;0,00;31,82;40,00
65381;Sabarros;65;33;Commune vieillissante;66,67;45,45;275,00;-2,94;66,67;36,36
2B124;Ghisoni;2B;194;Commune vieillissante;66,49;30,93;758,82;-8,92;52,54;46,88
15238;Tournemire;15;122;Commune vieillissante;66,39;25,41;1157,14;-2,40;42,65;29,17
12187;Prades-d'Aubrac;12;310;Commune vieillissante;65,81;23,55;971,43;-22,11;55,50;47,37
09020;Artigues;09;32;Commune vieillissante;65,63;12,50;;-41,82;59,09;50,00
17380;Saint-Palais-sur-Mer;17;3879;Commune vieillissante;65,58;27,74;554,25;-0,26;34,88;35,02
63221;Medeyrolles;63;116;Commune vieillissante;65,52;17,24;633,33;0,00;46,15;42,86
09193;Mijanès;09;58;Commune vieillissante;65,52;20,69;760,00;-1,69;63,16;25,00
04099;Lambruisse;04;81;Commune vieillissante;65,43;11,11;1766,67;-17,35;57,89;66,67
26147;Gumiane;26;20;Commune vieillissante;65,00;25,00;650,00;0,00;66,67;60,00
52546;Voncourt;52;17;Commune vieillissante;64,71;11,76;1100,00;0,00;0,00;
32403;Saint-Pierre-d'Aubézies;32;59;Commune vieillissante;64,41;22,03;1900,00;-16,90;41,18;12,50
09162;Lercoul;09;14;Commune vieillissante;64,29;28,57;;-44,00;70,00;
04228;Valavoire;04;39;Commune vieillissante;64,10;17,95;625,00;-7,14;21,05;50,00
32427;Sembouès;32;58;Commune vieillissante;63,79;20,69;740,00;-3,33;50,00;25,00
11127;Escouloubre;11;69;Commune vieillissante;63,77;18,84;488,89;-6,76;43,90;71,43
2A131;Guagno;2A;149;Commune vieillissante;63,76;31,54;500,00;-5,10;33,33;25,00
34115;Gorniès;34;107;Commune vieillissante;63,55;24,30;566,67;-15,75;50,00;28,57
16020;Aubeterre-sur-Dronne;16;318;Commune vieillissante;63,21;36,16;558,33;-18,46;48,61;12,22
12275;Tauriac-de-Camarès;12;35;Commune vieillissante;62,86;11,43;733,33;-22,22;47,83;
11047;Le Bousquet;11;43;Commune vieillissante;62,79;13,95;900,00;0,00;48,28;0,00
06096;Pierlas;06;99;Commune vieillissante;62,63;25,25;563,64;-1,98;35,29;21,43
83147;Vérignon;83;8;Commune vieillissante;62,50;0,00;;-20,00;40,00;
2A064;Cardo-Torgia;2A;29;Commune vieillissante;62,07;31,03;;-6,45;28,57;0,00
2B137;Lano;2B;21;Commune vieillissante;61,90;23,81;;-22,22;22,22;0,00
58222;Rix;58;152;Commune vieillissante;61,84;15,79;447,62;-3,18;36,90;45,45
11440;Villetritouls;11;34;Commune vieillissante;61,76;20,59;2100,00;-12,82;50,00;33,33
17486;La Brée-les-Bains;17;694;Commune vieillissante;61,53;24,93;469,23;-0,43;38,85;57,84
58068;Chaumard;58;196;Commune vieillissante;61,22;23,98;500,00;-5,31;44,83;38,46
2B234;Piobetta;2B;18;Commune vieillissante;61,11;11,11;;-10,00;45,45;
06139;Thiéry;06;100;Commune vieillissante;61,00;27,00;469,23;-6,54;26,92;18,18
88473;Tignécourt;88;82;Commune vieillissante;60,98;19,51;454,55;-21,15;50,00;27,27
66157;Railleu;66;23;Commune vieillissante;60,87;21,74;280,00;-23,33;0,00;0,00
2A019;Arbori;2A;51;Commune vieillissante;60,78;21,57;775,00;-5,56;63,64;75,00
56106;Larmor-Baden;56;891;Commune vieillissante;60,72;24,69;394,89;-0,45;40,70;57,89
58070;Chazeuil;58;61;Commune vieillissante;60,66;22,95;411,11;0,00;62,16;87,50
47164;Mazières-Naresse;47;99;Commune vieillissante;60,61;17,17;1200,00;-22,66;35,19;23,08
07120;Lachamp-Raphaël;07;66;Commune vieillissante;60,61;18,18;1333,33;-2,94;56,41;57,14
58206;Parigny-la-Rose;58;33;Commune vieillissante;60,61;18,18;666,67;-17,50;50,00;0,00
42321;La Valla-sur-Rochefort;42;103;Commune vieillissante;60,19;29,13;1033,33;-3,74;43,18;33,33
08036;Autry;08;95;Commune vieillissante;60,00;23,16;380,00;-20,17;40,00;31,25
2A022;Arro;2A;80;Commune vieillissante;60,00;21,25;300,00;-6,98;35,00;16,67
07038;Borne;07;45;Commune vieillissante;60,00;15,56;675,00;-8,16;48,15;0,00
2B157;Mazzola;2B;25;Commune vieillissante;60,00;36,00;1500,00;-10,71;58,82;0,00
2B106;Érone;2B;10;Commune vieillissante;60,00;10,00;;-9,09;87,50;100,00
06124;Saint-Léger;06;57;Commune vieillissante;59,65;26,32;1133,33;0,00;60,53;50,00
05152;Saint-Maurice-en-Valgodemard;05;118;Commune vieillissante;59,32;19,49;437,50;-5,60;47,14;64,29
21143;Channay;21;59;Commune vieillissante;59,32;20,34;500,00;-6,35;56,10;57,14
2A266;Salice;2A;88;Commune vieillissante;59,09;34,09;742,86;-3,30;38,30;40,00
10273;Ortillon;10;22;Commune vieillissante;59,09;40,91;650,00;-8,33;50,00;16,67
07149;Marcols-les-Eaux;07;283;Commune vieillissante;59,01;32,86;417,50;-6,91;49,52;19,35
66183;Saint-Marsal;66;73;Commune vieillissante;58,90;20,55;614,29;-7,59;70,37;66,67
36081;Gargilesse-Dampierre;36;267;Commune vieillissante;58,80;25,09;490,63;-8,25;44,08;50,00
41177;Le Plessis-Dorin;41;148;Commune vieillissante;58,78;29,05;362,50;-12,94;50,00;40,00
17004;Île-d'Aix;17;196;Commune vieillissante;58,67;31,63;425,93;-16,60;43,40;23,68
17035;Bazauges;17;104;Commune vieillissante;58,65;25,00;435,71;-14,05;37,70;15,79
23055;Châtelard;23;29;Commune vieillissante;58,62;17,24;425,00;-6,45;50,00;100,00
29228;Primelin;29;641;Commune vieillissante;58,50;20,59;403,23;-11,46;46,54;54,32
07209;Saint-Andéol-de-Fourchades;07;53;Commune vieillissante;58,49;13,21;387,50;0,00;33,33;0,00
65023;Ardengost;65;12;Commune vieillissante;58,33;8,33;;0,00;0,00;0,00
52157;Curmont;52;12;Commune vieillissante;58,33;41,67;350,00;0,00;0,00;50,00
58163;Menou;58;182;Commune vieillissante;58,24;18,13;365,52;0,00;45,28;60,00
58166;Mhère;58;229;Commune vieillissante;58,08;20,52;578,26;-0,43;48,59;65,52
65155;Devèze;65;50;Commune vieillissante;58,00;30,00;414,29;-21,88;40,74;12,50
65175;Ferrère;65;38;Commune vieillissante;57,89;5,26;550,00;-11,63;38,10;0,00
29135;Loctudy;29;4043;Commune vieillissante;57,78;21,47;362,17;-0,20;39,30;39,03
64074;Aubous;64;45;Commune vieillissante;57,78;24,44;650,00;-10,00;40,00;0,00
09078;Carcanières;09;71;Commune vieillissante;57,75;19,72;1025,00;-7,79;55,56;50,00
26152;Jonchères;26;26;Commune vieillissante;57,69;30,77;750,00;-10,34;68,42;0,00
71226;Grevilly;71;26;Commune vieillissante;57,69;11,54;1500,00;-27,78;47,06;
24337;Prats-du-Périgord;24;144;Commune vieillissante;57,64;21,53;436,84;-2,04;40,51;18,18
10163;Fuligny;10;40;Commune vieillissante;57,50;17,50;460,00;-16,67;25,00;40,00
54488;Saint-Sauveur;54;40;Commune vieillissante;57,50;25,00;575,00;-9,09;36,36;75,00
19174;La Roche-Canillac;19;127;Commune vieillissante;57,48;22,83;561,54;-13,01;42,67;50,00
32217;Louslitges;32;61;Commune vieillissante;57,38;19,67;1750,00;-14,08;42,86;50,00
34269;Saint-Jean-de-Minervois;34;133;Commune vieillissante;57,14;18,80;400,00;-10,74;35,62;21,43
06115;Saint-Antonin;06;84;Commune vieillissante;57,14;16,67;282,35;-11,58;38,64;45,45
54529;Tramont-Émy;54;28;Commune vieillissante;57,14;7,14;400,00;-9,68;33,33;50,00
65309;Mazouau;65;14;Commune vieillissante;57,14;35,71;400,00;-12,50;44,44;50,00
26245;Pommerol;26;7;Commune vieillissante;57,14;14,29;;-53,33;0,00;
70099;Brotte-lès-Ray;70;65;Commune vieillissante;56,92;29,23;336,36;-13,33;42,11;60,00
