codgeo;nom_commune;code_departement;population_2022;typologie_commune;score_fragilite_100;score_attractivite_100;taux_chomage_2022;niveau_vie_median_euros;part_sans_diplome_2022;part_logements_vacants_2022;part_familles_monoparentales_2022;evol_population_2016_2022_pct;part_60_ans_plus_2022
76217;Dieppe;76;28599;Pôle urbain / pôle d'emploi;100;16,67;20,68;18850;30,03;11,66;23,50;-3,40;37,57
47323;Villeneuve-sur-Lot;47;22004;Pôle urbain / pôle d'emploi;100;16,67;17,84;19420;26,53;14,38;19,50;-1,86;36,94
71153;Le Creusot;71;20536;Pôle urbain / pôle d'emploi;100;16,67;15,66;20180;26,27;12,76;18,06;-5,59;37,16
47157;Marmande;47;17361;Pôle urbain / pôle d'emploi;100;16,67;15,36;19840;29,07;11,35;19,88;-1,61;36,35
71306;Montceau-les-Mines;71;16946;Pôle urbain / pôle d'emploi;100;16,67;19,80;19210;33,67;14,92;17,37;-9,49;37,48
41269;Vendôme;41;15566;Pôle urbain / pôle d'emploi;100;16,67;15,67;21030;28,09;12,32;19,38;-6,72;37,82
79329;Thouars;79;13949;Pôle urbain / pôle d'emploi;100;16,67;14,35;20280;29,08;11,08;18,51;-0,75;36,80
65286;Lourdes;65;13266;Pôle urbain / pôle d'emploi;100;16,67;22,64;18810;25,96;16,37;22,20;-2,82;40,81
71014;Autun;71;13144;Pôle urbain / pôle d'emploi;100;16,67;15,86;20070;28,11;16,97;19,90;-2,87;38,83
36088;Issoudun;36;10953;Pôle urbain / pôle d'emploi;100;16,67;15,28;20680;30,17;17,54;21,39;-7,87;38,71
58086;Cosne-Cours-sur-Loire;58;9786;Pôle urbain / pôle d'emploi;100;16,67;15,70;21140;31,40;13,79;16,74;-3,13;42,78
28280;Nogent-le-Rotrou;28;9305;Pôle urbain / pôle d'emploi;100;16,67;13,09;21140;32,67;13,87;19,83;-6,39;38,12
84138;Valréas;84;9285;Pôle urbain / pôle d'emploi;100;16,67;12,63;18900;28,89;14,14;16,57;-1,81;36,54
97232;Le Vauclin;972;8481;Commune fragile;100;0,00;15,49;18020;31,36;21,90;41,51;-5,78;37,32
30334;Uzès;30;8359;Pôle urbain / pôle d'emploi;100;16,67;18,41;20910;25,33;13,78;18,74;-1,54;42,96
34199;Pézenas;34;7789;Pôle urbain / pôle d'emploi;100;16,67;18,69;18750;23,37;13,55;27,89;-4,86;38,73
88383;Remiremont;88;7499;Pôle urbain / pôle d'emploi;100;16,67;13,24;20340;26,28;13,33;23,14;-2,96;37,18
71176;Digoin;71;7380;Pôle urbain / pôle d'emploi;100;16,67;14,84;19650;33,32;17,39;16,44;-5,52;41,03
17347;Saint-Jean-d'Angély;17;6678;Pôle urbain / pôle d'emploi;100;16,67;21,02;20240;27,36;21,59;20,56;-5,49;42,90
97214;Le Lorrain;972;6607;Pôle urbain / pôle d'emploi;100;16,67;17,47;15940;37,62;22,71;46,08;-4,67;39,64
43040;Brioude;43;6522;Pôle urbain / pôle d'emploi;100;16,67;16,93;20340;25,80;17,75;16,35;-2,90;38,82
32107;Condom;32;6454;Pôle urbain / pôle d'emploi;100;16,67;13,09;19750;29,58;18,62;18,06;-1,53;41,66
89025;Avallon;89;6346;Pôle urbain / pôle d'emploi;100;16,67;14,59;19840;28,84;16,27;22,75;-5,96;36,35
37132;Loches;37;6233;Pôle urbain / pôle d'emploi;100;16,67;15,66;21200;30,31;11,77;19,30;-0,80;41,65
36018;Le Blanc;36;6188;Pôle urbain / pôle d'emploi;100;16,67;13,48;20260;31,72;14,40;16,25;-5,11;38,98
14174;Condé-en-Normandie;14;6018;Pôle urbain / pôle d'emploi;100;16,67;11,98;20430;31,56;14,82;16,76;-9,79;38,27
03082;Commentry;03;6018;Pôle urbain / pôle d'emploi;100;16,67;15,57;20330;27,42;18,59;16,89;-3,90;41,23
76312;Gournay-en-Bray;76;5834;Pôle urbain / pôle d'emploi;100;16,67;16,20;19390;35,98;13,73;22,75;-5,63;37,30
34028;Bédarieux;34;5820;Pôle urbain / pôle d'emploi;100;16,67;20,73;18140;26,40;19,61;18,68;-0,07;39,19
65258;Lannemezan;65;5810;Pôle urbain / pôle d'emploi;100;16,67;12,71;20400;26,62;11,65;26,83;-0,94;37,28
11397;Trèbes;11;5386;Pôle urbain / pôle d'emploi;100;16,67;19,23;19250;25,91;13,96;20,72;-3,92;36,59
61168;La Ferté Macé;61;5095;Pôle urbain / pôle d'emploi;100;16,67;13,73;19820;32,50;17,94;16,10;-5,53;40,24
72180;Mamers;72;5080;Pôle urbain / pôle d'emploi;100;16,67;19,23;19510;40,69;16,93;17,21;-4,33;38,86
12089;Decazeville;12;5025;Pôle urbain / pôle d'emploi;100;16,67;22,54;19440;25,68;23,32;18,18;-6,16;42,11
58095;Decize;58;5025;Pôle urbain / pôle d'emploi;100;16,67;12,74;20830;26,56;15,98;19,94;-8,95;45,23
45053;Briare;45;5012;Pôle urbain / pôle d'emploi;100;16,67;14,66;21120;31,00;12,30;16,97;-6,91;41,12
38269;La Mure;38;4940;Pôle urbain / pôle d'emploi;100;16,67;11,69;21210;27,16;12,05;19,39;-0,60;36,86
23176;La Souterraine;23;4928;Pôle urbain / pôle d'emploi;100;16,67;17,39;20300;29,94;14,85;20,71;-6,95;39,08
36006;Argenton-sur-Creuse;36;4817;Pôle urbain / pôle d'emploi;100;16,67;14,60;20400;24,40;12,85;20,23;-2,47;37,85
21425;Montbard;21;4750;Pôle urbain / pôle d'emploi;100;16,67;18,62;20120;31,13;18,18;17,38;-10,95;39,96
58059;La Charité-sur-Loire;58;4701;Pôle urbain / pôle d'emploi;100;16,67;14,77;21080;31,98;19,65;22,69;-5,32;42,61
47106;Fumel;47;4696;Pôle urbain / pôle d'emploi;100;16,67;21,15;18460;33,53;18,21;19,45;-3,10;42,12
51535;Sézanne;51;4679;Pôle urbain / pôle d'emploi;100;16,67;14,34;21260;31,41;15,57;16,99;-4,74;36,18
76462;Neufchâtel-en-Bray;76;4671;Pôle urbain / pôle d'emploi;100;16,67;16,31;19450;40,15;13,61;22,37;-1,06;40,72
62447;Hesdin-la-Forêt;62;4494;Pôle urbain / pôle d'emploi;100;16,67;18,88;18970;32,93;14,57;16,11;-2,75;39,72
54039;Baccarat;54;4107;Pôle urbain / pôle d'emploi;100;16,67;14,50;20710;31,27;15,76;21,13;-7,37;36,50
36046;La Châtre;36;4038;Pôle urbain / pôle d'emploi;100;16,67;15,60;20310;30,19;17,26;19,67;-3,33;45,37
72176;Le Lude;72;4016;Pôle urbain / pôle d'emploi;100;16,67;12,17;20330;31,89;13,79;16,35;-7,55;43,77
61293;Mortagne-au-Perche;61;3857;Pôle urbain / pôle d'emploi;100;16,67;14,05;20580;32,56;12,49;22,51;-0,39;37,96
34111;Ganges;34;3854;Pôle urbain / pôle d'emploi;100;16,67;19,79;17450;29,12;20,84;22,07;-3,34;40,81
45115;Courtenay;45;3799;Pôle urbain / pôle d'emploi;100;16,67;18,28;20910;31,86;16,08;17,36;-5,85;41,67
30350;Le Vigan;30;3786;Pôle urbain / pôle d'emploi;100;16,67;21,73;18020;27,70;14,10;20,89;-1,76;41,79
24352;Ribérac;24;3770;Pôle urbain / pôle d'emploi;100;16,67;17,05;19940;25,08;20,83;22,30;-3,26;44,16
30263;Saint-Hippolyte-du-Fort;30;3738;Pôle urbain / pôle d'emploi;100;16,67;17,60;19830;27,04;16,51;16,34;-5,03;36,70
55291;Ligny-en-Barrois;55;3696;Pôle urbain / pôle d'emploi;100;16,67;15,27;20330;33,76;15,46;19,33;-8,92;40,31
41151;Montrichard Val de Cher;41;3641;Pôle urbain / pôle d'emploi;100;16,67;14,59;20900;28,69;16,63;19,37;-4,59;46,33
58079;Clamecy;58;3597;Pôle urbain / pôle d'emploi;100;16,67;22,79;18240;38,61;29,85;17,56;-5,91;38,56
87011;Bellac;87;3569;Pôle urbain / pôle d'emploi;100;16,67;15,55;19850;31,05;17,21;17,28;-9,94;46,76
63338;Saint-Éloy-les-Mines;63;3484;Pôle urbain / pôle d'emploi;100;16,67;16,20;19310;27,74;21,29;18,91;-6,22;39,61
32256;Mirande;32;3442;Pôle urbain / pôle d'emploi;100;16,67;15,85;20400;25,28;16,19;17,62;-1,18;40,76
16292;Ruffec;16;3394;Pôle urbain / pôle d'emploi;100;16,67;17,03;19460;33,22;17,67;16,09;-1,39;44,25
28214;La Loupe;28;3230;Pôle urbain / pôle d'emploi;100;16,67;15,94;19340;33,80;12,47;23,23;-5,17;38,11
17240;Montendre;17;3226;Pôle urbain / pôle d'emploi;100;16,67;17,37;20020;30,98;12,57;19,24;-0,15;43,89
46309;Souillac;46;3199;Pôle urbain / pôle d'emploi;100;16,67;21,63;19500;26,25;21,36;17,92;-4,28;41,42
88468;Le Thillot;88;3198;Pôle urbain / pôle d'emploi;100;16,67;15,06;19090;35,05;11,52;16,51;-7,41;39,84
58134;Imphy;58;3175;Commune fragile;100;16,67;15,81;20110;30,40;16,91;16,88;-7,06;39,69
40313;Tartas;40;3174;Commune fragile;100;16,67;15,29;21030;28,75;12,37;19,63;-2,16;38,09
08185;Fumay;08;3118;Commune fragile;100;16,67;25,04;18590;42,77;18,77;20,68;-10,27;37,72
09194;Mirepoix;09;3106;Commune fragile;100;16,67;17,25;20190;24,30;17,46;19,05;-2,66;40,89
23008;Aubusson;23;3036;Commune fragile;100;16,67;15,41;18830;27,55;27,43;24,18;-10,71;44,96
11304;Quillan;11;2992;Commune fragile;100;16,67;19,32;18670;25,52;20,04;18,64;-9,00;47,69
97216;Le Marigot;972;2991;Commune fragile;100;0,00;23,57;17640;41,27;13,36;46,54;-8,00;37,41
52250;Joinville;52;2944;Commune fragile;100;16,67;21,16;18080;29,28;23,32;25,67;-7,30;39,44
18242;Sancoins;18;2941;Commune fragile;100;16,67;18,21;19510;39,89;17,12;17,05;-4,82;45,66
88078;Bruyères;88;2935;Commune fragile;100;16,67;19,17;19050;30,10;17,77;24,57;-4,71;37,99
72138;Fresnay-sur-Sarthe;72;2909;Commune fragile;100;16,67;13,45;20690;31,59;14,38;16,23;-3,83;38,81
24551;Thiviers;24;2888;Commune fragile;100;16,67;18,57;20060;27,32;16,46;19,00;-0,10;41,38
88181;Fraize;88;2849;Commune fragile;100;16,67;14,13;20290;32,19;12,82;16,99;-1,79;37,45
76101;Blangy-sur-Bresle;76;2844;Commune fragile;100;16,67;16,65;19680;43,77;12,44;19,49;-4,08;36,99
70467;Saint-Loup-sur-Semouse;70;2842;Commune fragile;100;16,67;19,17;17290;42,04;21,82;18,04;-12,53;39,20
97203;Basse-Pointe;972;2810;Commune fragile;100;16,67;18,36;16490;39,46;22,51;45,93;-11,94;43,56
57177;Dieuze;57;2792;Commune fragile;100;16,67;13,18;20590;29,66;13,99;21,47;-5,10;36,78
60286;Grandvilliers;60;2761;Commune fragile;100;16,67;22,56;19400;34,47;11,25;29,86;-8,03;37,09
10064;Brienne-le-Château;10;2703;Commune fragile;100;16,67;14,48;20220;33,49;11,24;23,82;-5,75;38,14
30037;Bessèges;30;2624;Commune fragile;100;16,67;27,34;16700;31,37;23,13;25,00;-7,61;48,82
89419;Toucy;89;2562;Commune fragile;100;16,67;12,95;20730;24,82;15,37;24,49;-4,72;39,58
55502;Stenay;55;2428;Commune fragile;100;16,67;18,59;19550;31,27;20,00;23,18;-9,17;37,48
80373;Gamaches;80;2421;Commune fragile;100;16,67;17,32;18520;38,84;11,10;16,83;-6,74;39,57
09157;Laroque-d'Olmes;09;2414;Commune fragile;100;16,67;16,00;19360;29,66;14,44;21,79;-1,63;45,03
70026;Arc-lès-Gray;70;2410;Commune fragile;100;16,67;12,58;20420;31,95;11,44;18,25;-5,01;37,47
23030;Bourganeuf;23;2408;Commune fragile;100;16,67;16,28;17860;29,54;19,86;17,58;-9,34;41,82
30307;Les Salles-du-Gardon;30;2403;Commune fragile;100;0,00;18,98;16820;29,08;12,40;22,66;-7,79;39,62
21607;Seurre;21;2336;Commune fragile;100;16,67;12,07;20470;28,61;14,07;18,65;-1,89;38,70
88451;Senones;88;2334;Commune fragile;100;16,67;17,78;18380;29,59;17,45;23,69;-5,35;40,53
36045;Châtillon-sur-Indre;36;2296;Commune fragile;100;16,67;14,47;20290;41,58;15,95;19,58;-14,04;53,96
65304;Maubourguet;65;2232;Commune fragile;100;16,67;15,26;20470;25,96;14,45;22,19;-8,22;41,98
27502;Rugles;27;2199;Commune fragile;100;16,67;18,25;19920;30,57;16,10;21,89;-3,47;41,52
72334;Sillé-le-Guillaume;72;2192;Commune fragile;100;16,67;18,65;20110;36,26;20,61;22,12;-5,19;43,20
01305;Pont-de-Vaux;01;2184;Commune fragile;100;16,67;11,16;21070;34,87;13,13;16,92;-4,63;38,60
81227;Roquecourbe;81;2181;Commune fragile;100;0,00;11,11;20930;24,55;12,66;18,41;-0,86;36,50
