codgeo;nom_commune;code_departement;population_2022;typologie_commune;score_fragilite_100;score_attractivite_100;evol_population_2016_2022_pct;niveau_vie_median_euros;part_diplomes_superieur_2022;taux_chomage_2022;part_logements_vacants_2022;emplois_lieu_travail_2022
78073;Bois-d'Arcy;78;16225;Pôle urbain / pôle d'emploi;14,29;100,00;10,35;27520;43,86;5,62;4,74;4640
44209;Treillières;44;10414;Pôle urbain / pôle d'emploi;0,00;100,00;15,99;27760;51,06;4,89;4,08;3324
44169;Saint-Julien-de-Concelles;44;7768;Pôle urbain / pôle d'emploi;0,00;100,00;12,78;25110;38,32;5,32;4,37;2772
35068;Châteaubourg;35;7522;Pôle urbain / pôle d'emploi;0,00;100,00;7,60;24830;42,85;5,59;3,95;4704
44130;Pont-Saint-Martin;44;6942;Pôle urbain / pôle d'emploi;0,00;100,00;18,12;25530;38,12;4,88;4,14;1888
44066;Grandchamp-des-Fontaines;44;6910;Pôle urbain / pôle d'emploi;0,00;100,00;18,30;26190;45,72;4,88;4,47;2039
72058;Changé;72;6803;Pôle urbain / pôle d'emploi;0,00;100,00;5,26;25280;32,95;5,72;4,75;1864
13060;Meyreuil;13;6341;Pôle urbain / pôle d'emploi;0,00;100,00;14,40;27130;47,36;5,55;4,14;3369
35207;Noyal-sur-Vilaine;35;6249;Pôle urbain / pôle d'emploi;0,00;100,00;5,66;26350;38,77;5,81;3,18;5455
76481;Octeville-sur-Mer;76;6147;Pôle urbain / pôle d'emploi;0,00;100,00;5,08;29440;39,10;5,24;3,17;2089
38557;Villette-d'Anthon;38;5240;Pôle urbain / pôle d'emploi;0,00;100,00;7,36;29300;39,93;5,37;3,05;1632
85155;Mouilleron-le-Captif;85;5209;Pôle urbain / pôle d'emploi;0,00;100,00;6,05;25480;34,23;5,63;2,70;2669
44002;Aigrefeuille-sur-Maine;44;4120;Pôle urbain / pôle d'emploi;0,00;100,00;9,49;24830;37,69;5,45;3,91;1550
44014;Le Bignon;44;3967;Pôle urbain / pôle d'emploi;0,00;100,00;6,70;25430;40,30;4,70;4,08;2058
73151;Porte-de-Savoie;73;3944;Pôle urbain / pôle d'emploi;0,00;100,00;10,17;27220;43,98;5,40;4,71;2366
33065;Bouliac;33;3806;Pôle urbain / pôle d'emploi;0,00;100,00;7,15;30540;51,59;5,42;4,49;2155
76377;Isneauville;76;3713;Pôle urbain / pôle d'emploi;0,00;100,00;28,61;31100;51,72;4,79;4,54;3466
44089;Malville;44;3689;Pôle urbain / pôle d'emploi;0,00;100,00;7,58;25080;36,38;5,49;4,39;2063
33274;Martillac;33;3581;Pôle urbain / pôle d'emploi;0,00;100,00;20,37;28340;46,60;5,36;4,74;3402
79109;Échiré;79;3536;Pôle urbain / pôle d'emploi;0,00;100,00;5,96;25850;36,23;5,53;4,53;1456
35227;Pleumeleuc;35;3535;Pôle urbain / pôle d'emploi;0,00;100,00;8,10;25370;40,13;5,47;4,48;1477
44032;La Chapelle-Heulin;44;3443;Pôle urbain / pôle d'emploi;0,00;100,00;5,48;25180;41,20;4,28;4,48;898
33448;Saint-Médard-d'Eyrans;33;3361;Pôle urbain / pôle d'emploi;0,00;100,00;14,16;26690;34,75;5,57;4,83;1324
78683;Villiers-Saint-Frédéric;78;3231;Pôle urbain / pôle d'emploi;0,00;100,00;15,35;31450;53,18;5,34;4,56;1676
69298;Toussieu;69;3186;Pôle urbain / pôle d'emploi;0,00;100,00;7,67;29590;46,96;4,17;4,32;1211
33085;Camblanes-et-Meynac;33;3145;Commune résidentielle favorisée;0,00;100,00;9,51;28180;43,80;5,41;4,72;1127
76591;Saint-Jacques-sur-Darnétal;76;3134;Commune résidentielle favorisée;0,00;100,00;15,65;27720;38,88;4,45;4,16;955
74067;Chavanod;74;3024;Commune résidentielle favorisée;0,00;100,00;16,58;29300;40,74;4,79;4,97;2779
62338;Fleurbaix;62;2944;Commune résidentielle favorisée;0,00;100,00;9,65;30270;49,15;5,35;3,72;919
72320;Saint-Saturnin;72;2773;Commune résidentielle favorisée;0,00;100,00;10,52;26440;34,76;5,25;3,81;1818
59611;Verlinghem;59;2678;Commune résidentielle favorisée;0,00;100,00;9,53;30870;55,71;5,75;2,63;1125
63148;Ennezat;63;2658;Commune résidentielle favorisée;0,00;100,00;6,96;24860;33,03;5,72;4,70;1084
69241;Taluyers;69;2657;Commune résidentielle favorisée;0,00;100,00;5,02;28720;46,05;4,50;4,48;974
14543;Rots;14;2541;Commune résidentielle favorisée;0,00;100,00;5,52;27800;44,64;5,00;4,14;1536
01157;Fareins;01;2524;Commune résidentielle favorisée;0,00;100,00;14,57;27070;37,06;4,94;3,51;778
59197;Ennevelin;59;2417;Commune résidentielle favorisée;0,00;100,00;10,57;29330;49,34;4,95;5,00;944
74103;Domancy;74;2202;Commune résidentielle favorisée;0,00;100,00;7,36;28140;40,66;3,68;4,65;578
25454;Pirey;25;2179;Commune résidentielle favorisée;14,29;100,00;6,34;27340;48,62;5,47;3,82;1121
71497;Sancé;71;2158;Commune résidentielle favorisée;0,00;100,00;8,88;25880;32,87;5,59;4,12;952
69190;Sainte-Consorce;69;2109;Commune résidentielle favorisée;0,00;100,00;9,67;30200;54,24;4,15;4,59;682
01105;Civrieux;01;1986;Commune résidentielle favorisée;0,00;100,00;23,66;28920;40,47;5,45;4,16;819
29268;Saint-Thonan;29;1943;Commune résidentielle favorisée;0,00;100,00;10,71;25310;45,43;4,43;2,75;835
51282;Gueux;51;1901;Commune résidentielle favorisée;0,00;100,00;13,36;33920;52,87;4,09;3,92;892
14554;Le Castelet;14;1829;Commune résidentielle favorisée;0,00;100,00;25,70;24900;37,57;3,59;2,99;509
42206;Saint-Bonnet-les-Oules;42;1817;Commune résidentielle favorisée;0,00;100,00;13,49;31840;51,52;3,88;2,83;473
50599;Tollevast;50;1650;Commune résidentielle favorisée;0,00;100,00;9,27;26930;32,94;4,20;4,60;499
25448;Pelousey;25;1588;Commune résidentielle favorisée;0,00;100,00;5,10;25590;46,31;4,66;3,37;450
21473;Ouges;21;1505;Commune résidentielle favorisée;0,00;100,00;5,10;25500;32,86;3,19;4,68;998
21273;Fleurey-sur-Ouche;21;1498;Commune résidentielle favorisée;0,00;100,00;16,94;28030;46,73;4,37;3,71;512
67127;Ergersheim;67;1467;Commune résidentielle favorisée;0,00;100,00;10,72;27600;42,04;4,20;4,02;403
69153;Poleymieux-au-Mont-d'Or;69;1394;Commune résidentielle favorisée;0,00;100,00;7,48;35970;55,56;3,23;5,01;523
62279;Duisans;62;1393;Commune résidentielle favorisée;0,00;100,00;8,40;28940;47,37;4,59;4,18;770
57351;Jury;57;1383;Commune résidentielle favorisée;0,00;100,00;33,75;27620;39,69;5,79;4,02;695
33494;Salaunes;33;1244;Commune résidentielle favorisée;0,00;100,00;24,90;26640;38,51;5,61;3,92;774
76753;Ymare;76;1228;Commune résidentielle favorisée;14,29;100,00;6,14;27890;46,21;4,40;2,21;391
28158;Fontenay-sur-Eure;28;1180;Commune résidentielle favorisée;0,00;100,00;22,28;28410;37,33;4,37;4,00;749
28253;Mignières;28;1157;Commune résidentielle favorisée;0,00;100,00;11,90;26410;37,15;5,25;2,24;743
74003;Alex;74;1125;Commune résidentielle favorisée;0,00;100,00;6,94;30290;58,22;5,14;2,50;501
59399;Merris;59;1078;Commune résidentielle favorisée;0,00;100,00;5,17;25220;34,90;5,23;3,60;348
62042;Athies;62;1049;Commune résidentielle favorisée;0,00;100,00;5,64;25690;36,57;4,81;4,66;760
10381;Torvilliers;10;1035;Commune résidentielle favorisée;0,00;100,00;7,81;27700;35,29;4,63;2,63;713
31418;Pin-Balma;31;1029;Commune résidentielle favorisée;0,00;100,00;14,97;35860;57,40;5,25;4,25;272
10360;Saint-Pouange;10;999;Commune résidentielle favorisée;0,00;100,00;10,39;26560;36,34;3,10;1,55;260
77534;Yèbles;77;970;Commune résidentielle favorisée;0,00;100,00;6,13;27590;32,17;5,27;2,95;288
21558;Sainte-Marie-la-Blanche;21;917;Commune résidentielle favorisée;0,00;100,00;5,04;26220;33,29;2,93;3,26;407
54027;Atton;54;898;Commune résidentielle favorisée;0,00;100,00;10,59;25000;34,08;5,69;4,64;1107
26173;Marches;26;867;Commune résidentielle favorisée;0,00;100,00;9,89;25440;38,22;5,37;4,85;269
64041;Aressy;64;846;Commune résidentielle favorisée;0,00;100,00;23,32;26590;32,20;4,25;4,90;416
73098;Les Déserts;73;826;Commune résidentielle favorisée;0,00;100,00;5,90;25050;47,36;3,72;0,86;320
57137;Cheminot;57;824;Commune résidentielle favorisée;0,00;100,00;6,60;25360;35,34;3,91;4,52;220
74294;Verchaix;74;794;Commune résidentielle favorisée;14,29;100,00;7,73;25530;39,61;4,71;3,10;214
71583;Vinzelles;71;762;Commune résidentielle favorisée;14,29;100,00;9,80;27350;34,26;3,92;2,96;304
21297;Gilly-lès-Cîteaux;21;729;Commune résidentielle favorisée;0,00;100,00;5,50;29240;42,83;3,53;3,75;279
77104;Châtres;77;712;Commune résidentielle favorisée;0,00;100,00;6,75;30620;38,74;2,27;5,04;1164
74190;Morillon;74;694;Commune dynamique / attractive;14,29;100,00;7,26;25070;40,25;4,03;1,41;309
14609;Saint-Loup-Hors;14;521;Commune résidentielle favorisée;0,00;100,00;8,32;26700;40,59;4,58;3,13;165
21347;Levernois;21;364;Commune résidentielle favorisée;0,00;100,00;13,04;32360;38,46;4,91;3,54;360
38527;Vaujany;38;352;Commune dynamique / attractive;14,29;100,00;9,32;25150;37,98;3,19;0,20;327
51623;Ville-en-Selve;51;296;Commune résidentielle favorisée;0,00;100,00;8,03;35640;55,30;3,13;0,78;85
21616;Tailly;21;200;Commune résidentielle favorisée;0,00;100,00;10,50;30060;41,10;0,89;0,00;134
11291;Plavilla;11;142;Commune résidentielle favorisée;0,00;100,00;26,79;;45,45;0,00;4,65;50
32461;Verlus;32;122;Commune résidentielle favorisée;0,00;100,00;23,23;;45,16;3,39;0,00;57
70148;Chemilly;70;103;Commune résidentielle favorisée;0,00;100,00;17,05;26420;37,18;3,92;2,08;43
65046;Aulon;65;98;Commune résidentielle favorisée;0,00;100,00;16,67;;48,68;4,88;3,60;30
48191;La Tieule;48;95;Commune résidentielle favorisée;16,67;100,00;5,56;;38,96;3,57;1,23;107
04159;Redortiers;04;89;Commune résidentielle favorisée;33,33;100,00;11,25;;35,00;5,26;1,09;28
26214;Mornans;26;78;Commune résidentielle favorisée;16,67;100,00;11,43;;32,14;0,00;3,51;29
51128;La Chapelle-sous-Orbais;51;57;Commune résidentielle favorisée;0,00;100,00;5,56;;37,14;3,45;0,00;19
27686;Vieux-Port;27;50;Commune résidentielle favorisée;33,33;100,00;8,70;;51,22;4,35;0,00;28
39003;Abergement-le-Petit;39;48;Commune résidentielle favorisée;0,00;100,00;26,32;;54,05;3,85;0,00;13
05035;Châteauneuf-d'Oze;05;30;Commune résidentielle favorisée;0,00;100,00;7,14;;37,50;0,00;2,50;27
26255;Les Prés;26;28;Commune résidentielle favorisée;16,67;100,00;21,74;;33,33;0,00;4,65;25
09133;Génat;09;24;Commune résidentielle favorisée;16,67;100,00;14,29;;34,78;0,00;3,85;18
11082;Caunette-sur-Lauquet;11;11;Commune résidentielle favorisée;16,67;100,00;175,00;;37,50;0,00;0,00;3
33281;Mérignac;33;77136;Pôle urbain / pôle d'emploi;14,29;83,33;9,70;24770;44,67;10,55;3,57;62930
33318;Pessac;33;66874;Pôle urbain / pôle d'emploi;28,57;83,33;8,11;25940;48,13;11,52;3,69;35004
64024;Anglet;64;42288;Pôle urbain / pôle d'emploi;42,86;83,33;9,38;25060;41,98;11,04;4,09;20066
33449;Saint-Médard-en-Jalles;33;32749;Pôle urbain / pôle d'emploi;0,00;83,33;5,79;26740;42,02;7,82;2,52;11304
44114;Orvault;44;28341;Pôle urbain / pôle d'emploi;0,00;83,33;9,29;27140;51,44;8,86;4,06;13164
94071;Sucy-en-Brie;94;27593;Pôle urbain / pôle d'emploi;14,29;83,33;5,00;28120;45,09;9,65;0,41;7643
